P,rest,pscale,name
"(-2.173140048980713, 6.640850067138672, 1.448951244354248)","(-2.173140048980713, 6.640850067138672, 1.448951244354248)",1.7951897382736206,piece_0
"(2.3525052070617676, 9.718220710754395, -0.9819090962409973)","(2.3525052070617676, 9.718220710754395, -0.9819090962409973)",1.0557914972305298,piece_1
"(-0.02959734946489334, 17.579648971557617, -5.090138912200928)","(-0.02959734946489334, 17.579648971557617, -5.090138912200928)",1.0731265544891357,piece_2
"(3.0380001068115234, 8.189972877502441, 1.310733437538147)","(3.0380001068115234, 8.189972877502441, 1.310733437538147)",1.224806547164917,piece_3
"(0.8864566087722778, 9.07955551147461, 6.46555757522583)","(0.8864566087722778, 9.07955551147461, 6.46555757522583)",1.8376878499984741,piece_4
"(-3.0380001068115234, 10.670721054077148, 4.908337593078613)","(-3.0380001068115234, 10.670721054077148, 4.908337593078613)",1.0815250873565674,piece_5
"(-0.11668363213539124, 24.08005714416504, -5.995912551879883)","(-0.11668363213539124, 24.08005714416504, -5.995912551879883)",1.3589998483657837,piece_6
"(0.6182363629341125, 6.7547454833984375, 4.299551010131836)","(0.6182363629341125, 6.7547454833984375, 4.299551010131836)",1.2721490859985352,piece_7
"(-3.0380001068115234, 15.545873641967773, -0.9545458555221558)","(-3.0380001068115234, 15.545873641967773, -0.9545458555221558)",0.8867489099502563,piece_8
"(1.121935248374939, 15.96987533569336, 4.486740589141846)","(1.121935248374939, 15.96987533569336, 4.486740589141846)",1.8793580532073975,piece_9
"(-3.0380001068115234, 23.849346160888672, -2.7781102657318115)","(-3.0380001068115234, 23.849346160888672, -2.7781102657318115)",1.210737705230713,piece_10
"(-3.0380001068115234, 17.503509521484375, -1.791553258895874)","(-3.0380001068115234, 17.503509521484375, -1.791553258895874)",1.4687693119049072,piece_11
"(-2.541929244995117, 20.215450286865234, 1.3386671543121338)","(-2.541929244995117, 20.215450286865234, 1.3386671543121338)",1.0457279682159424,piece_12
"(-0.6314207315444946, 26.221363067626953, -4.273709774017334)","(-0.6314207315444946, 26.221363067626953, -4.273709774017334)",1.9481089115142822,piece_13
"(1.8294707536697388, 8.289203643798828, 5.430993556976318)","(1.8294707536697388, 8.289203643798828, 5.430993556976318)",1.719976544380188,piece_14
"(3.0380001068115234, 9.828027725219727, 2.575665235519409)","(3.0380001068115234, 9.828027725219727, 2.575665235519409)",1.6529316902160645,piece_15
"(1.3819504976272583, 6.082192420959473, 1.9706382751464844)","(1.3819504976272583, 6.082192420959473, 1.9706382751464844)",1.5341269969940186,piece_16
"(3.0380001068115234, 19.223560333251953, -4.95850944519043)","(3.0380001068115234, 19.223560333251953, -4.95850944519043)",1.0932565927505493,piece_17
"(-3.0380001068115234, 17.276994705200195, -5.074517726898193)","(-3.0380001068115234, 17.276994705200195, -5.074517726898193)",0.7384536266326904,piece_18
"(2.57098388671875, 11.008033752441406, -1.4488105773925781)","(2.57098388671875, 11.008033752441406, -1.4488105773925781)",1.2465039491653442,piece_19
"(-3.0380001068115234, 20.178386688232422, -0.8549885749816895)","(-3.0380001068115234, 20.178386688232422, -0.8549885749816895)",1.8291237354278564,piece_20
"(2.862774610519409, 8.861896514892578, -0.21217483282089233)","(2.862774610519409, 8.861896514892578, -0.21217483282089233)",1.3461742401123047,piece_21
"(-3.0380001068115234, 16.038286209106445, 2.677095890045166)","(-3.0380001068115234, 16.038286209106445, 2.677095890045166)",1.2708985805511475,piece_22
"(-0.7125698328018188, 8.751177787780762, 7.44189453125)","(-0.7125698328018188, 8.751177787780762, 7.44189453125)",1.1222343444824219,piece_23
"(-1.8689923286437988, 10.76009750366211, -1.9373421669006348)","(-1.8689923286437988, 10.76009750366211, -1.9373421669006348)",0.6853365898132324,piece_24
"(2.48483943939209, 5.155493259429932, 2.3221917152404785)","(2.48483943939209, 5.155493259429932, 2.3221917152404785)",1.0049513578414917,piece_25
"(-3.0380001068115234, 16.831012725830078, -3.423863649368286)","(-3.0380001068115234, 16.831012725830078, -3.423863649368286)",1.1241567134857178,piece_26
"(2.030195951461792, 21.671756744384766, 1.12571120262146)","(2.030195951461792, 21.671756744384766, 1.12571120262146)",1.5460546016693115,piece_27
"(1.4443721771240234, 17.742589950561523, 2.1509079933166504)","(1.4443721771240234, 17.742589950561523, 2.1509079933166504)",0.6048864722251892,piece_28
"(-3.0380001068115234, 24.10968017578125, -2.0715720653533936)","(-3.0380001068115234, 24.10968017578125, -2.0715720653533936)",1.7155838012695312,piece_29
"(0.9312269687652588, 21.24968147277832, -7.358100891113281)","(0.9312269687652588, 21.24968147277832, -7.358100891113281)",0.7636991739273071,piece_30
"(0.571251630783081, 5.509779930114746, 0.7430522441864014)","(0.571251630783081, 5.509779930114746, 0.7430522441864014)",0.6163276433944702,piece_31
"(-3.0380001068115234, 21.39310646057129, -4.4002790451049805)","(-3.0380001068115234, 21.39310646057129, -4.4002790451049805)",0.6473590731620789,piece_32
"(1.0120729207992554, 24.736934661865234, -4.342416763305664)","(1.0120729207992554, 24.736934661865234, -4.342416763305664)",1.2584154605865479,piece_33
"(0.7331083416938782, 21.305891036987305, 0.4543016254901886)","(0.7331083416938782, 21.305891036987305, 0.4543016254901886)",0.7628587484359741,piece_34
"(-0.9114842414855957, 8.421662330627441, 5.567610263824463)","(-0.9114842414855957, 8.421662330627441, 5.567610263824463)",1.7488969564437866,piece_35
"(3.0380001068115234, 16.56773567199707, -0.19106972217559814)","(3.0380001068115234, 16.56773567199707, -0.19106972217559814)",1.2313106060028076,piece_36
"(3.0380001068115234, 25.251571655273438, -3.0280184745788574)","(3.0380001068115234, 25.251571655273438, -3.0280184745788574)",1.6651893854141235,piece_37
"(0.009201706387102604, 13.711280822753906, -2.347919225692749)","(0.009201706387102604, 13.711280822753906, -2.347919225692749)",1.7182650566101074,piece_38
"(-0.3504441976547241, 26.783798217773438, -1.0916826725006104)","(-0.3504441976547241, 26.783798217773438, -1.0916826725006104)",1.9691635370254517,piece_39
"(-3.0380001068115234, 7.101987838745117, 4.43480920791626)","(-3.0380001068115234, 7.101987838745117, 4.43480920791626)",1.0204252004623413,piece_40
"(3.0380001068115234, 10.085855484008789, 3.622922897338867)","(3.0380001068115234, 10.085855484008789, 3.622922897338867)",1.3996683359146118,piece_41
"(-2.196230411529541, 7.2429375648498535, 0.1317794919013977)","(-2.196230411529541, 7.2429375648498535, 0.1317794919013977)",0.8872110247612,piece_42
"(3.0380001068115234, 18.755891799926758, -2.6635162830352783)","(3.0380001068115234, 18.755891799926758, -2.6635162830352783)",1.8189594745635986,piece_43
"(-0.8031074404716492, 10.27869987487793, -1.0371373891830444)","(-0.8031074404716492, 10.27869987487793, -1.0371373891830444)",1.2725938558578491,piece_44
"(-0.8568183779716492, 11.157928466796875, 6.909525394439697)","(-0.8568183779716492, 11.157928466796875, 6.909525394439697)",1.78544282913208,piece_45
"(-3.0380001068115234, 14.373319625854492, -0.6051183342933655)","(-3.0380001068115234, 14.373319625854492, -0.6051183342933655)",1.9126036167144775,piece_46
"(-2.5844740867614746, 24.54009437561035, -5.216490745544434)","(-2.5844740867614746, 24.54009437561035, -5.216490745544434)",1.3832056522369385,piece_47
"(-3.0380001068115234, 15.420018196105957, 0.7711728811264038)","(-3.0380001068115234, 15.420018196105957, 0.7711728811264038)",1.1362245082855225,piece_48
"(-3.0380001068115234, 22.324962615966797, -6.23544454574585)","(-3.0380001068115234, 22.324962615966797, -6.23544454574585)",1.0013669729232788,piece_49
"(3.0380001068115234, 7.347799301147461, 4.373212814331055)","(3.0380001068115234, 7.347799301147461, 4.373212814331055)",1.0568584203720093,piece_50
"(-0.592815101146698, 11.716405868530273, -1.8311576843261719)","(-0.592815101146698, 11.716405868530273, -1.8311576843261719)",1.2370316982269287,piece_51
"(-3.0380001068115234, 12.10537338256836, -0.6927244663238525)","(-3.0380001068115234, 12.10537338256836, -0.6927244663238525)",1.6559693813323975,piece_52
"(-1.7091169357299805, 25.785808563232422, -1.9332244396209717)","(-1.7091169357299805, 25.785808563232422, -1.9332244396209717)",1.1555674076080322,piece_53
"(-3.0380001068115234, 20.4658203125, -5.977784633636475)","(-3.0380001068115234, 20.4658203125, -5.977784633636475)",0.6007712483406067,piece_54
"(-3.0380001068115234, 21.60137939453125, -3.6400961875915527)","(-3.0380001068115234, 21.60137939453125, -3.6400961875915527)",1.0505015850067139,piece_55
"(-2.5048158168792725, 7.689933776855469, 6.315062046051025)","(-2.5048158168792725, 7.689933776855469, 6.315062046051025)",1.2135876417160034,piece_56
"(3.0380001068115234, 25.722824096679688, -1.6675881147384644)","(3.0380001068115234, 25.722824096679688, -1.6675881147384644)",1.5402640104293823,piece_57
"(3.0380001068115234, 9.301506042480469, 1.7975950241088867)","(3.0380001068115234, 9.301506042480469, 1.7975950241088867)",1.10429048538208,piece_58
"(-2.5655863285064697, 12.008429527282715, -1.557580828666687)","(-2.5655863285064697, 12.008429527282715, -1.557580828666687)",1.6242278814315796,piece_59
"(-2.5167934894561768, 9.786901473999023, 7.685492992401123)","(-2.5167934894561768, 9.786901473999023, 7.685492992401123)",1.8363819122314453,piece_60
"(-3.0380001068115234, 22.328296661376953, -0.31952279806137085)","(-3.0380001068115234, 22.328296661376953, -0.31952279806137085)",1.834078311920166,piece_61
"(3.0380001068115234, 11.525167465209961, 2.6797990798950195)","(3.0380001068115234, 11.525167465209961, 2.6797990798950195)",1.8388721942901611,piece_62
"(0.7346596121788025, 10.614213943481445, -0.4563252925872803)","(0.7346596121788025, 10.614213943481445, -0.4563252925872803)",1.9591642618179321,piece_63
"(0.0984281599521637, 10.301444053649902, 7.0089335441589355)","(0.0984281599521637, 10.301444053649902, 7.0089335441589355)",1.467757225036621,piece_64
"(2.573183536529541, 24.72802734375, -1.4561861753463745)","(2.573183536529541, 24.72802734375, -1.4561861753463745)",0.6596170663833618,piece_65
"(3.0380001068115234, 6.814093589782715, 5.356158256530762)","(3.0380001068115234, 6.814093589782715, 5.356158256530762)",0.8320033550262451,piece_66
"(-3.0380001068115234, 15.031041145324707, -2.2203376293182373)","(-3.0380001068115234, 15.031041145324707, -2.2203376293182373)",1.304579734802246,piece_67
"(-1.8498344421386719, 20.84564208984375, -6.907037258148193)","(-1.8498344421386719, 20.84564208984375, -6.907037258148193)",0.9804180860519409,piece_68
"(-1.5938218832015991, 22.169227600097656, 0.24132420122623444)","(-1.5938218832015991, 22.169227600097656, 0.24132420122623444)",0.980798602104187,piece_69
"(-3.0380001068115234, 10.158580780029297, 0.18771405518054962)","(-3.0380001068115234, 10.158580780029297, 0.18771405518054962)",1.3868532180786133,piece_70
"(-3.0380001068115234, 17.520187377929688, -0.06058932840824127)","(-3.0380001068115234, 17.520187377929688, -0.06058932840824127)",1.7666205167770386,piece_71
"(0.7323968410491943, 13.809945106506348, -2.6982786655426025)","(0.7323968410491943, 13.809945106506348, -2.6982786655426025)",1.4474687576293945,piece_72
"(-2.8931760787963867, 19.14803695678711, -6.179373741149902)","(-2.8931760787963867, 19.14803695678711, -6.179373741149902)",0.8320325613021851,piece_73
"(-0.7452408075332642, 14.921930313110352, -2.7253246307373047)","(-0.7452408075332642, 14.921930313110352, -2.7253246307373047)",1.9524548053741455,piece_74
"(2.711848735809326, 6.365691661834717, 1.3982373476028442)","(2.711848735809326, 6.365691661834717, 1.3982373476028442)",1.618163824081421,piece_75
"(-2.176144599914551, 22.609464645385742, 0.9075222015380859)","(-2.176144599914551, 22.609464645385742, 0.9075222015380859)",1.7946832180023193,piece_76
"(-3.0380001068115234, 5.634428977966309, 0.8546337485313416)","(-3.0380001068115234, 5.634428977966309, 0.8546337485313416)",0.7528848648071289,piece_77
"(1.820125937461853, 8.549625396728516, -0.4012680649757385)","(1.820125937461853, 8.549625396728516, -0.4012680649757385)",1.0259642601013184,piece_78
"(-3.0380001068115234, 19.96450424194336, -4.920322895050049)","(-3.0380001068115234, 19.96450424194336, -4.920322895050049)",1.0920768976211548,piece_79
"(3.0380001068115234, 5.626643657684326, 2.2475600242614746)","(3.0380001068115234, 5.626643657684326, 2.2475600242614746)",0.9071145057678223,piece_80
"(1.019186019897461, 9.75948429107666, 6.654796600341797)","(1.019186019897461, 9.75948429107666, 6.654796600341797)",0.8884754180908203,piece_81
"(-3.0000483989715576, 10.00804615020752, -1.059625506401062)","(-3.0000483989715576, 10.00804615020752, -1.059625506401062)",1.1233141422271729,piece_82
"(-3.0380001068115234, 16.99714469909668, 0.8781188726425171)","(-3.0380001068115234, 16.99714469909668, 0.8781188726425171)",1.3490991592407227,piece_83
"(-1.349806785583496, 21.688579559326172, 1.354480266571045)","(-1.349806785583496, 21.688579559326172, 1.354480266571045)",1.7615623474121094,piece_84
"(3.0380001068115234, 16.448646545410156, 2.190608501434326)","(3.0380001068115234, 16.448646545410156, 2.190608501434326)",1.3950660228729248,piece_85
"(0.007488880772143602, 14.570657730102539, -3.105614423751831)","(0.007488880772143602, 14.570657730102539, -3.105614423751831)",1.4402556419372559,piece_86
"(-3.0380001068115234, 13.47426986694336, 1.9036685228347778)","(-3.0380001068115234, 13.47426986694336, 1.9036685228347778)",1.0073332786560059,piece_87
"(0.2171616107225418, 13.561814308166504, 5.836105823516846)","(0.2171616107225418, 13.561814308166504, 5.836105823516846)",1.9565486907958984,piece_88
"(0.4037487506866455, 11.270925521850586, -1.8676323890686035)","(0.4037487506866455, 11.270925521850586, -1.8676323890686035)",0.9918155670166016,piece_89
"(-3.0380001068115234, 10.909250259399414, 2.6938371658325195)","(-3.0380001068115234, 10.909250259399414, 2.6938371658325195)",1.7816061973571777,piece_90
"(-0.4059140980243683, 15.134939193725586, 3.9371774196624756)","(-0.4059140980243683, 15.134939193725586, 3.9371774196624756)",0.983310341835022,piece_91
"(3.0380001068115234, 22.24319839477539, -2.706787109375)","(3.0380001068115234, 22.24319839477539, -2.706787109375)",1.9645278453826904,piece_92
"(-3.0380001068115234, 23.460542678833008, -1.9771665334701538)","(-3.0380001068115234, 23.460542678833008, -1.9771665334701538)",0.6961287260055542,piece_93
"(-3.0380001068115234, 19.282535552978516, 0.4593903720378876)","(-3.0380001068115234, 19.282535552978516, 0.4593903720378876)",0.7087328433990479,piece_94
"(-0.3554227948188782, 6.147449970245361, 1.1931334733963013)","(-0.3554227948188782, 6.147449970245361, 1.1931334733963013)",1.328208088874817,piece_95
"(-3.0380001068115234, 18.367511749267578, -0.025099441409111023)","(-3.0380001068115234, 18.367511749267578, -0.025099441409111023)",1.2599611282348633,piece_96
"(-3.0380001068115234, 5.99440336227417, 2.4555864334106445)","(-3.0380001068115234, 5.99440336227417, 2.4555864334106445)",1.2151765823364258,piece_97
"(-3.0380001068115234, 4.868904113769531, 1.7976560592651367)","(-3.0380001068115234, 4.868904113769531, 1.7976560592651367)",0.9668259620666504,piece_98
"(-3.0380001068115234, 17.760387420654297, -3.7583189010620117)","(-3.0380001068115234, 17.760387420654297, -3.7583189010620117)",1.990800142288208,piece_99
"(-3.0380001068115234, 11.744356155395508, 1.8582931756973267)","(-3.0380001068115234, 11.744356155395508, 1.8582931756973267)",1.16937255859375,piece_100
"(3.0380001068115234, 16.19887351989746, 0.8439875841140747)","(3.0380001068115234, 16.19887351989746, 0.8439875841140747)",0.6999948024749756,piece_101
"(3.0380001068115234, 24.299694061279297, -0.8941910266876221)","(3.0380001068115234, 24.299694061279297, -0.8941910266876221)",1.7498887777328491,piece_102
"(0.514957845211029, 4.429683685302734, 1.5179388523101807)","(0.514957845211029, 4.429683685302734, 1.5179388523101807)",0.804825484752655,piece_103
"(-1.5975964069366455, 8.067153930664062, 3.990445137023926)","(-1.5975964069366455, 8.067153930664062, 3.990445137023926)",1.9743837118148804,piece_104
"(-3.0380001068115234, 15.214591979980469, -3.122959852218628)","(-3.0380001068115234, 15.214591979980469, -3.122959852218628)",1.2115519046783447,piece_105
"(-1.3545926809310913, 11.294487953186035, -1.495303988456726)","(-1.3545926809310913, 11.294487953186035, -1.495303988456726)",1.3407411575317383,piece_106
"(-1.8237768411636353, 15.405204772949219, -3.5195913314819336)","(-1.8237768411636353, 15.405204772949219, -3.5195913314819336)",1.4621779918670654,piece_107
"(2.989226818084717, 12.380769729614258, 5.815165996551514)","(2.989226818084717, 12.380769729614258, 5.815165996551514)",1.3751540184020996,piece_108
"(-1.498661994934082, 18.33815574645996, 1.8519662618637085)","(-1.498661994934082, 18.33815574645996, 1.8519662618637085)",0.6173458695411682,piece_109
"(1.8754258155822754, 9.690868377685547, 6.544183254241943)","(1.8754258155822754, 9.690868377685547, 6.544183254241943)",0.7554735541343689,piece_110
"(3.0380001068115234, 13.40157413482666, 0.4723179340362549)","(3.0380001068115234, 13.40157413482666, 0.4723179340362549)",1.4890193939208984,piece_111
"(-1.9486188888549805, 23.147552490234375, -7.364346981048584)","(-1.9486188888549805, 23.147552490234375, -7.364346981048584)",1.6617817878723145,piece_112
"(-3.0380001068115234, 11.038101196289062, 6.048779010772705)","(-3.0380001068115234, 11.038101196289062, 6.048779010772705)",1.2845277786254883,piece_113
"(-0.45117586851119995, 22.536285400390625, 0.12997028231620789)","(-0.45117586851119995, 22.536285400390625, 0.12997028231620789)",1.0545895099639893,piece_114
"(2.807368278503418, 11.191070556640625, 6.577871799468994)","(2.807368278503418, 11.191070556640625, 6.577871799468994)",1.5004115104675293,piece_115
"(0.49675253033638, 24.50990867614746, -1.2222199440002441)","(0.49675253033638, 24.50990867614746, -1.2222199440002441)",0.7679616212844849,piece_116
"(2.6760737895965576, 10.39660930633545, -1.8363813161849976)","(2.6760737895965576, 10.39660930633545, -1.8363813161849976)",0.6038200259208679,piece_117
"(-3.0380001068115234, 6.422970771789551, 3.6278533935546875)","(-3.0380001068115234, 6.422970771789551, 3.6278533935546875)",0.76322340965271,piece_118
"(-3.0380001068115234, 9.493108749389648, 4.962753772735596)","(-3.0380001068115234, 9.493108749389648, 4.962753772735596)",1.2161879539489746,piece_119
"(-3.0380001068115234, 20.704273223876953, -5.121877193450928)","(-3.0380001068115234, 20.704273223876953, -5.121877193450928)",1.8864667415618896,piece_120
"(-3.0380001068115234, 23.30784797668457, -3.4339747428894043)","(-3.0380001068115234, 23.30784797668457, -3.4339747428894043)",1.2918808460235596,piece_121
"(-2.2102699279785156, 20.791641235351562, -6.47109317779541)","(-2.2102699279785156, 20.791641235351562, -6.47109317779541)",1.3501089811325073,piece_122
"(-3.0380001068115234, 20.61122703552246, -5.862433433532715)","(-3.0380001068115234, 20.61122703552246, -5.862433433532715)",1.0918769836425781,piece_123
"(-3.0380001068115234, 19.348833084106445, -4.0328168869018555)","(-3.0380001068115234, 19.348833084106445, -4.0328168869018555)",1.5702838897705078,piece_124
"(-3.0380001068115234, 9.112493515014648, 6.196508407592773)","(-3.0380001068115234, 9.112493515014648, 6.196508407592773)",1.1310489177703857,piece_125
"(-3.0380001068115234, 12.218507766723633, 2.8930411338806152)","(-3.0380001068115234, 12.218507766723633, 2.8930411338806152)",1.7840367555618286,piece_126
"(-0.7055620551109314, 17.87749481201172, 2.2799952030181885)","(-0.7055620551109314, 17.87749481201172, 2.2799952030181885)",0.7862100601196289,piece_127
"(0.9368572235107422, 17.593040466308594, -5.297491073608398)","(0.9368572235107422, 17.593040466308594, -5.297491073608398)",0.891433596611023,piece_128
"(-3.0380001068115234, 21.933019638061523, -2.936969518661499)","(-3.0380001068115234, 21.933019638061523, -2.936969518661499)",1.630160927772522,piece_129
"(-0.4182691276073456, 7.703976154327393, 3.6131234169006348)","(-0.4182691276073456, 7.703976154327393, 3.6131234169006348)",1.8957743644714355,piece_130
"(-3.0380001068115234, 14.568042755126953, 4.549753665924072)","(-3.0380001068115234, 14.568042755126953, 4.549753665924072)",1.8145142793655396,piece_131
"(-0.3297141194343567, 6.9408278465271, 4.606909275054932)","(-0.3297141194343567, 6.9408278465271, 4.606909275054932)",1.2839183807373047,piece_132
"(2.267517566680908, 15.99206256866455, -4.141742706298828)","(2.267517566680908, 15.99206256866455, -4.141742706298828)",1.177337408065796,piece_133
"(-0.48249709606170654, 15.620250701904297, -3.772249698638916)","(-0.48249709606170654, 15.620250701904297, -3.772249698638916)",1.3354177474975586,piece_134
"(-3.0380001068115234, 22.219688415527344, -5.301281929016113)","(-3.0380001068115234, 22.219688415527344, -5.301281929016113)",0.6495959758758545,piece_135
"(-0.5229664444923401, 18.11380386352539, -4.6993231773376465)","(-0.5229664444923401, 18.11380386352539, -4.6993231773376465)",1.6819591522216797,piece_136
"(-3.0380001068115234, 9.648643493652344, 5.597390651702881)","(-3.0380001068115234, 9.648643493652344, 5.597390651702881)",0.9851657152175903,piece_137
"(3.0380001068115234, 13.047771453857422, 4.479342937469482)","(3.0380001068115234, 13.047771453857422, 4.479342937469482)",1.6722331047058105,piece_138
"(1.870154857635498, 26.22809410095215, -1.4790624380111694)","(1.870154857635498, 26.22809410095215, -1.4790624380111694)",1.3531861305236816,piece_139
"(-3.0380001068115234, 18.629653930664062, -1.8630638122558594)","(-3.0380001068115234, 18.629653930664062, -1.8630638122558594)",0.9504938125610352,piece_140
"(-3.0380001068115234, 17.613723754882812, 1.8833478689193726)","(-3.0380001068115234, 17.613723754882812, 1.8833478689193726)",0.7208693027496338,piece_141
"(-2.1778528690338135, 23.53375244140625, -0.40576067566871643)","(-2.1778528690338135, 23.53375244140625, -0.40576067566871643)",1.0436605215072632,piece_142
"(0.9745841026306152, 12.812152862548828, -2.182091474533081)","(0.9745841026306152, 12.812152862548828, -2.182091474533081)",1.4405165910720825,piece_143
"(1.8470077514648438, 15.684563636779785, -3.6689181327819824)","(1.8470077514648438, 15.684563636779785, -3.6689181327819824)",1.4597654342651367,piece_144
"(3.0380001068115234, 21.914735794067383, -0.3954503834247589)","(3.0380001068115234, 21.914735794067383, -0.3954503834247589)",1.1655550003051758,piece_145
"(3.0380001068115234, 13.631950378417969, 4.1090521812438965)","(3.0380001068115234, 13.631950378417969, 4.1090521812438965)",1.4828307628631592,piece_146
"(-0.6999844312667847, 20.227333068847656, -6.818074703216553)","(-0.6999844312667847, 20.227333068847656, -6.818074703216553)",0.7666748762130737,piece_147
"(3.0380001068115234, 17.88302993774414, -3.74288272857666)","(3.0380001068115234, 17.88302993774414, -3.74288272857666)",0.8623179197311401,piece_148
"(3.0380001068115234, 9.854776382446289, 5.7406697273254395)","(3.0380001068115234, 9.854776382446289, 5.7406697273254395)",1.9244612455368042,piece_149
"(-3.0380001068115234, 10.346879959106445, 0.9894028306007385)","(-3.0380001068115234, 10.346879959106445, 0.9894028306007385)",1.3566231727600098,piece_150
"(-3.0380001068115234, 18.730039596557617, -3.971938371658325)","(-3.0380001068115234, 18.730039596557617, -3.971938371658325)",0.8688254356384277,piece_151
"(3.0380001068115234, 7.676877975463867, 1.102372646331787)","(3.0380001068115234, 7.676877975463867, 1.102372646331787)",1.7692900896072388,piece_152
"(-1.0700112581253052, 24.690662384033203, -0.5573095679283142)","(-1.0700112581253052, 24.690662384033203, -0.5573095679283142)",1.4571149349212646,piece_153
"(1.7345879077911377, 12.782831192016602, -2.4071133136749268)","(1.7345879077911377, 12.782831192016602, -2.4071133136749268)",1.222456455230713,piece_154
"(2.700190544128418, 7.735785961151123, 4.84804630279541)","(2.700190544128418, 7.735785961151123, 4.84804630279541)",1.6021842956542969,piece_155
"(-1.335425853729248, 6.671867370605469, 4.847651481628418)","(-1.335425853729248, 6.671867370605469, 4.847651481628418)",1.095655083656311,piece_156
"(-0.5294485092163086, 7.208573341369629, 2.3262264728546143)","(-0.5294485092163086, 7.208573341369629, 2.3262264728546143)",1.9815999269485474,piece_157
"(-1.2936064004898071, 6.090893745422363, 1.5524126291275024)","(-1.2936064004898071, 6.090893745422363, 1.5524126291275024)",1.6271461248397827,piece_158
"(-2.461862325668335, 7.959704399108887, 4.814948081970215)","(-2.461862325668335, 7.959704399108887, 4.814948081970215)",1.717086672782898,piece_159
"(2.261608600616455, 12.567415237426758, 5.281628608703613)","(2.261608600616455, 12.567415237426758, 5.281628608703613)",0.9801093339920044,piece_160
"(-3.0380001068115234, 9.879474639892578, 5.205324649810791)","(-3.0380001068115234, 9.879474639892578, 5.205324649810791)",1.835634469985962,piece_161
"(-2.539984941482544, 6.8926262855529785, 6.972450256347656)","(-2.539984941482544, 6.8926262855529785, 6.972450256347656)",0.6695665121078491,piece_162
"(1.2082480192184448, 9.795005798339844, 7.48696231842041)","(1.2082480192184448, 9.795005798339844, 7.48696231842041)",1.9230210781097412,piece_163
"(-3.0380001068115234, 17.641563415527344, -2.742605209350586)","(-3.0380001068115234, 17.641563415527344, -2.742605209350586)",1.1816492080688477,piece_164
"(-3.0380001068115234, 20.804424285888672, -2.5517027378082275)","(-3.0380001068115234, 20.804424285888672, -2.5517027378082275)",0.608028769493103,piece_165
"(0.038113489747047424, 6.1247076988220215, 5.561649322509766)","(0.038113489747047424, 6.1247076988220215, 5.561649322509766)",0.6565992832183838,piece_166
"(-3.0380001068115234, 21.067781448364258, -4.963511943817139)","(-3.0380001068115234, 21.067781448364258, -4.963511943817139)",0.8811596632003784,piece_167
"(2.018899917602539, 12.906654357910156, -2.7725117206573486)","(2.018899917602539, 12.906654357910156, -2.7725117206573486)",0.9500003457069397,piece_168
"(1.5956182479858398, 6.482471466064453, 1.066738247871399)","(1.5956182479858398, 6.482471466064453, 1.066738247871399)",1.3731005191802979,piece_169
"(1.363256573677063, 20.203899383544922, -6.882312774658203)","(1.363256573677063, 20.203899383544922, -6.882312774658203)",0.6972514390945435,piece_170
"(1.8708351850509644, 25.005739212036133, -4.63817834854126)","(1.8708351850509644, 25.005739212036133, -4.63817834854126)",1.460360050201416,piece_171
"(1.8328731060028076, 13.577049255371094, -1.9833025932312012)","(1.8328731060028076, 13.577049255371094, -1.9833025932312012)",1.9850560426712036,piece_172
"(3.0380001068115234, 8.982853889465332, 0.6592296361923218)","(3.0380001068115234, 8.982853889465332, 0.6592296361923218)",1.0723729133605957,piece_173
"(2.669999122619629, 15.722540855407715, -4.531754493713379)","(2.669999122619629, 15.722540855407715, -4.531754493713379)",0.6952495574951172,piece_174
"(-3.0380001068115234, 20.775043487548828, 0.06904610991477966)","(-3.0380001068115234, 20.775043487548828, 0.06904610991477966)",1.8629179000854492,piece_175
"(-3.0380001068115234, 10.307044982910156, 0.8729050755500793)","(-3.0380001068115234, 10.307044982910156, 0.8729050755500793)",0.7938365936279297,piece_176
"(-2.6601061820983887, 16.78915023803711, -3.7696964740753174)","(-2.6601061820983887, 16.78915023803711, -3.7696964740753174)",1.8943521976470947,piece_177
"(-3.0380001068115234, 10.806549072265625, 3.6670541763305664)","(-3.0380001068115234, 10.806549072265625, 3.6670541763305664)",1.7407984733581543,piece_178
"(3.0380001068115234, 22.80328941345215, 0.6332201361656189)","(3.0380001068115234, 22.80328941345215, 0.6332201361656189)",1.7400749921798706,piece_179
"(-0.8768858909606934, 14.948444366455078, -3.336531639099121)","(-0.8768858909606934, 14.948444366455078, -3.336531639099121)",1.4107099771499634,piece_180
"(3.0380001068115234, 25.277820587158203, -1.9251372814178467)","(3.0380001068115234, 25.277820587158203, -1.9251372814178467)",1.8621784448623657,piece_181
"(-1.8250980377197266, 16.23531723022461, -4.006518363952637)","(-1.8250980377197266, 16.23531723022461, -4.006518363952637)",1.4158222675323486,piece_182
"(-3.0380001068115234, 15.624414443969727, 1.6606690883636475)","(-3.0380001068115234, 15.624414443969727, 1.6606690883636475)",0.9699200391769409,piece_183
"(-3.0380001068115234, 9.914679527282715, 4.154501438140869)","(-3.0380001068115234, 9.914679527282715, 4.154501438140869)",0.960195004940033,piece_184
"(2.250694513320923, 21.47758674621582, -7.455474376678467)","(2.250694513320923, 21.47758674621582, -7.455474376678467)",0.7839069366455078,piece_185
"(-0.42047756910324097, 20.137073516845703, 1.135240077972412)","(-0.42047756910324097, 20.137073516845703, 1.135240077972412)",0.8238963484764099,piece_186
"(3.0380001068115234, 8.774053573608398, 0.41517218947410583)","(3.0380001068115234, 8.774053573608398, 0.41517218947410583)",1.6422514915466309,piece_187
"(-1.7011828422546387, 7.802779197692871, 6.05410099029541)","(-1.7011828422546387, 7.802779197692871, 6.05410099029541)",1.332565188407898,piece_188
"(-3.0380001068115234, 11.106554985046387, -2.014415740966797)","(-3.0380001068115234, 11.106554985046387, -2.014415740966797)",0.7135660648345947,piece_189
"(-1.1165732145309448, 7.879726409912109, 6.512976169586182)","(-1.1165732145309448, 7.879726409912109, 6.512976169586182)",1.2544853687286377,piece_190
"(-1.0689377784729004, 19.127910614013672, -6.355360507965088)","(-1.0689377784729004, 19.127910614013672, -6.355360507965088)",0.6628262400627136,piece_191
"(2.3186182975769043, 17.56072998046875, -4.790460109710693)","(2.3186182975769043, 17.56072998046875, -4.790460109710693)",1.3359291553497314,piece_192
"(2.302612543106079, 26.12744140625, -0.7795140147209167)","(2.302612543106079, 26.12744140625, -0.7795140147209167)",1.9397525787353516,piece_193
"(-3.0380001068115234, 8.4791259765625, 0.7502889037132263)","(-3.0380001068115234, 8.4791259765625, 0.7502889037132263)",1.6707797050476074,piece_194
"(3.0380001068115234, 17.347135543823242, 3.254544734954834)","(3.0380001068115234, 17.347135543823242, 3.254544734954834)",1.7683333158493042,piece_195
"(-3.0380001068115234, 17.685197830200195, -2.671419143676758)","(-3.0380001068115234, 17.685197830200195, -2.671419143676758)",1.6917253732681274,piece_196
"(-3.0380001068115234, 8.169249534606934, 6.099998474121094)","(-3.0380001068115234, 8.169249534606934, 6.099998474121094)",1.3507248163223267,piece_197
"(-3.0380001068115234, 23.89170265197754, -1.2102125883102417)","(-3.0380001068115234, 23.89170265197754, -1.2102125883102417)",1.8203598260879517,piece_198
"(3.0380001068115234, 8.746530532836914, 2.832082986831665)","(3.0380001068115234, 8.746530532836914, 2.832082986831665)",1.9443321228027344,piece_199
"(3.0380001068115234, 21.288658142089844, -3.2756295204162598)","(3.0380001068115234, 21.288658142089844, -3.2756295204162598)",0.9765163064002991,piece_200
"(3.0380001068115234, 24.11703109741211, -6.238646984100342)","(3.0380001068115234, 24.11703109741211, -6.238646984100342)",1.6094518899917603,piece_201
"(3.0380001068115234, 24.40879249572754, -2.489022970199585)","(3.0380001068115234, 24.40879249572754, -2.489022970199585)",0.9849799871444702,piece_202
"(2.048128843307495, 8.694276809692383, 7.0298261642456055)","(2.048128843307495, 8.694276809692383, 7.0298261642456055)",1.5131511688232422,piece_203
"(-3.0380001068115234, 16.981491088867188, 0.1014484167098999)","(-3.0380001068115234, 16.981491088867188, 0.1014484167098999)",1.0417258739471436,piece_204
"(-0.5274256467819214, 10.782536506652832, -0.542097270488739)","(-0.5274256467819214, 10.782536506652832, -0.542097270488739)",1.9615219831466675,piece_205
"(3.0380001068115234, 12.749518394470215, -1.5389857292175293)","(3.0380001068115234, 12.749518394470215, -1.5389857292175293)",1.0340232849121094,piece_206
"(0.0036637696903198957, 18.533987045288086, -5.560938835144043)","(0.0036637696903198957, 18.533987045288086, -5.560938835144043)",1.1005537509918213,piece_207
"(3.0380001068115234, 18.121623992919922, -4.000686168670654)","(3.0380001068115234, 18.121623992919922, -4.000686168670654)",1.449671745300293,piece_208
"(-3.0380001068115234, 16.714641571044922, -0.8628261685371399)","(-3.0380001068115234, 16.714641571044922, -0.8628261685371399)",0.9775621891021729,piece_209
"(3.0380001068115234, 8.800374984741211, 4.4789042472839355)","(3.0380001068115234, 8.800374984741211, 4.4789042472839355)",1.2623531818389893,piece_210
"(1.958597183227539, 13.037976264953613, 5.634297847747803)","(1.958597183227539, 13.037976264953613, 5.634297847747803)",1.5240604877471924,piece_211
"(3.0380001068115234, 16.78223419189453, -3.853238105773926)","(3.0380001068115234, 16.78223419189453, -3.853238105773926)",1.796722173690796,piece_212
"(-0.46747007966041565, 8.391363143920898, 0.5105106234550476)","(-0.46747007966041565, 8.391363143920898, 0.5105106234550476)",1.7775928974151611,piece_213
"(-3.0380001068115234, 15.722345352172852, -4.375416278839111)","(-3.0380001068115234, 15.722345352172852, -4.375416278839111)",0.6272636651992798,piece_214
"(-3.0380001068115234, 8.316280364990234, 4.365257740020752)","(-3.0380001068115234, 8.316280364990234, 4.365257740020752)",1.0500140190124512,piece_215
"(-3.0380001068115234, 17.37933349609375, -0.9795348048210144)","(-3.0380001068115234, 17.37933349609375, -0.9795348048210144)",0.892210841178894,piece_216
"(-1.254649043083191, 24.360502243041992, -0.16261442005634308)","(-1.254649043083191, 24.360502243041992, -0.16261442005634308)",1.6578876972198486,piece_217
"(-3.0380001068115234, 13.120574951171875, 3.1364314556121826)","(-3.0380001068115234, 13.120574951171875, 3.1364314556121826)",0.6185468435287476,piece_218
"(1.609636902809143, 7.016811370849609, 2.8394293785095215)","(1.609636902809143, 7.016811370849609, 2.8394293785095215)",1.7619808912277222,piece_219
"(-3.0380001068115234, 16.508718490600586, 1.611564040184021)","(-3.0380001068115234, 16.508718490600586, 1.611564040184021)",1.941899061203003,piece_220
"(0.6454795002937317, 15.352461814880371, -3.589465379714966)","(0.6454795002937317, 15.352461814880371, -3.589465379714966)",1.3736863136291504,piece_221
"(-3.0380001068115234, 12.922075271606445, 2.8879032135009766)","(-3.0380001068115234, 12.922075271606445, 2.8879032135009766)",1.3905940055847168,piece_222
"(-1.950478196144104, 23.898338317871094, -0.852045476436615)","(-1.950478196144104, 23.898338317871094, -0.852045476436615)",0.8124890327453613,piece_223
"(3.0380001068115234, 23.838863372802734, -4.830292224884033)","(3.0380001068115234, 23.838863372802734, -4.830292224884033)",1.1602942943572998,piece_224
"(-0.5721908807754517, 24.74201774597168, -2.6631946563720703)","(-0.5721908807754517, 24.74201774597168, -2.6631946563720703)",0.8410208821296692,piece_225
"(0.3733767569065094, 6.308276176452637, 2.8121635913848877)","(0.3733767569065094, 6.308276176452637, 2.8121635913848877)",1.4313997030258179,piece_226
"(3.0380001068115234, 8.515450477600098, 6.728344917297363)","(3.0380001068115234, 8.515450477600098, 6.728344917297363)",0.769643247127533,piece_227
"(2.7925000190734863, 13.526092529296875, -2.2953007221221924)","(2.7925000190734863, 13.526092529296875, -2.2953007221221924)",1.6778059005737305,piece_228
"(-2.9389781951904297, 13.956389427185059, -3.1868326663970947)","(-2.9389781951904297, 13.956389427185059, -3.1868326663970947)",1.0740811824798584,piece_229
"(3.0380001068115234, 18.359134674072266, -5.207028388977051)","(3.0380001068115234, 18.359134674072266, -5.207028388977051)",1.1072267293930054,piece_230
"(-0.5861089825630188, 10.33272647857666, 6.340400695800781)","(-0.5861089825630188, 10.33272647857666, 6.340400695800781)",0.876287579536438,piece_231
"(-1.3430579900741577, 5.281930923461914, 3.050900936126709)","(-1.3430579900741577, 5.281930923461914, 3.050900936126709)",0.8829784393310547,piece_232
"(-3.0380001068115234, 16.82748031616211, 1.0048930644989014)","(-3.0380001068115234, 16.82748031616211, 1.0048930644989014)",0.7240173816680908,piece_233
"(3.0380001068115234, 7.495140075683594, 2.0245532989501953)","(3.0380001068115234, 7.495140075683594, 2.0245532989501953)",1.096107006072998,piece_234
"(3.0380001068115234, 11.152603149414062, 3.333601951599121)","(3.0380001068115234, 11.152603149414062, 3.333601951599121)",0.9753352403640747,piece_235
"(-3.0380001068115234, 14.370923042297363, -0.44763821363449097)","(-3.0380001068115234, 14.370923042297363, -0.44763821363449097)",1.3813368082046509,piece_236
"(-3.0380001068115234, 11.61143970489502, 3.7435238361358643)","(-3.0380001068115234, 11.61143970489502, 3.7435238361358643)",1.2030116319656372,piece_237
"(-3.0380001068115234, 8.051250457763672, 5.991264820098877)","(-3.0380001068115234, 8.051250457763672, 5.991264820098877)",0.9183601140975952,piece_238
"(3.0380001068115234, 9.55228328704834, 5.898074150085449)","(3.0380001068115234, 9.55228328704834, 5.898074150085449)",1.37882399559021,piece_239
"(-3.0380001068115234, 19.467201232910156, 0.7965445518493652)","(-3.0380001068115234, 19.467201232910156, 0.7965445518493652)",1.5351753234863281,piece_240
"(3.0380001068115234, 14.732275009155273, 0.8827239274978638)","(3.0380001068115234, 14.732275009155273, 0.8827239274978638)",0.62031090259552,piece_241
"(3.0380001068115234, 11.913397789001465, 3.4316112995147705)","(3.0380001068115234, 11.913397789001465, 3.4316112995147705)",1.7448134422302246,piece_242
"(0.2253628522157669, 9.33501148223877, 6.909958362579346)","(0.2253628522157669, 9.33501148223877, 6.909958362579346)",1.8482307195663452,piece_243
"(-1.3418856859207153, 7.535757064819336, 0.9735731482505798)","(-1.3418856859207153, 7.535757064819336, 0.9735731482505798)",1.7901633977890015,piece_244
"(3.0380001068115234, 12.810527801513672, 2.353929042816162)","(3.0380001068115234, 12.810527801513672, 2.353929042816162)",1.6389011144638062,piece_245
"(3.0380001068115234, 19.67868995666504, -1.5660746097564697)","(3.0380001068115234, 19.67868995666504, -1.5660746097564697)",0.7518230676651001,piece_246
"(3.0380001068115234, 10.310935974121094, -0.38110271096229553)","(3.0380001068115234, 10.310935974121094, -0.38110271096229553)",1.5020365715026855,piece_247
"(3.0380001068115234, 13.960185050964355, 3.226309299468994)","(3.0380001068115234, 13.960185050964355, 3.226309299468994)",1.8779879808425903,piece_248
"(-0.2409968376159668, 10.256036758422852, -1.3820675611495972)","(-0.2409968376159668, 10.256036758422852, -1.3820675611495972)",0.9489470720291138,piece_249
"(-1.7246730327606201, 7.307304382324219, 7.108170986175537)","(-1.7246730327606201, 7.307304382324219, 7.108170986175537)",0.8331016302108765,piece_250
"(-3.0380001068115234, 19.879837036132812, -2.904094696044922)","(-3.0380001068115234, 19.879837036132812, -2.904094696044922)",1.7122882604599,piece_251
"(-3.0380001068115234, 11.45843505859375, 5.182546615600586)","(-3.0380001068115234, 11.45843505859375, 5.182546615600586)",1.0637259483337402,piece_252
"(-3.0380001068115234, 14.480031967163086, -1.645055890083313)","(-3.0380001068115234, 14.480031967163086, -1.645055890083313)",0.6188364028930664,piece_253
"(0.3437683582305908, 10.485296249389648, -0.9292548298835754)","(0.3437683582305908, 10.485296249389648, -0.9292548298835754)",1.468823790550232,piece_254
"(-3.0380001068115234, 19.36597442626953, -1.26510488986969)","(-3.0380001068115234, 19.36597442626953, -1.26510488986969)",0.6869567632675171,piece_255
"(0.26653459668159485, 20.184274673461914, -6.6970648765563965)","(0.26653459668159485, 20.184274673461914, -6.6970648765563965)",0.8559283018112183,piece_256
"(-3.0380001068115234, 26.4764347076416, -2.691606044769287)","(-3.0380001068115234, 26.4764347076416, -2.691606044769287)",1.8137203454971313,piece_257
"(-2.550424575805664, 6.241296768188477, 1.11753249168396)","(-2.550424575805664, 6.241296768188477, 1.11753249168396)",1.3043262958526611,piece_258
"(-3.0380001068115234, 20.038246154785156, 1.2155349254608154)","(-3.0380001068115234, 20.038246154785156, 1.2155349254608154)",1.3818552494049072,piece_259
"(-3.0380001068115234, 8.470949172973633, 1.6744122505187988)","(-3.0380001068115234, 8.470949172973633, 1.6744122505187988)",1.5687916278839111,piece_260
"(3.0380001068115234, 12.209156036376953, -0.7781795263290405)","(3.0380001068115234, 12.209156036376953, -0.7781795263290405)",1.8722333908081055,piece_261
"(2.540170431137085, 6.490241050720215, 5.904389381408691)","(2.540170431137085, 6.490241050720215, 5.904389381408691)",0.7449759840965271,piece_262
"(3.0380001068115234, 16.22483253479004, -3.6415271759033203)","(3.0380001068115234, 16.22483253479004, -3.6415271759033203)",1.0281448364257812,piece_263
"(-1.7410310506820679, 14.91178035736084, -2.98689341545105)","(-1.7410310506820679, 14.91178035736084, -2.98689341545105)",1.7103760242462158,piece_264
"(-3.0380001068115234, 11.929622650146484, 0.27780821919441223)","(-3.0380001068115234, 11.929622650146484, 0.27780821919441223)",1.1833856105804443,piece_265
"(-3.0380001068115234, 16.16600227355957, 2.6662790775299072)","(-3.0380001068115234, 16.16600227355957, 2.6662790775299072)",1.7347403764724731,piece_266
"(-3.0380001068115234, 13.39777660369873, -1.6846797466278076)","(-3.0380001068115234, 13.39777660369873, -1.6846797466278076)",1.3026096820831299,piece_267
"(-2.448786735534668, 5.726081848144531, 3.156959295272827)","(-2.448786735534668, 5.726081848144531, 3.156959295272827)",1.0679636001586914,piece_268
"(-3.0380001068115234, 20.391687393188477, -4.277158260345459)","(-3.0380001068115234, 20.391687393188477, -4.277158260345459)",0.9236529469490051,piece_269
"(-1.476331353187561, 17.57966423034668, -4.821476936340332)","(-1.476331353187561, 17.57966423034668, -4.821476936340332)",1.3168129920959473,piece_270
"(1.5230604410171509, 10.88156509399414, -1.5855458974838257)","(1.5230604410171509, 10.88156509399414, -1.5855458974838257)",1.0622608661651611,piece_271
"(-1.6067957878112793, 11.08999252319336, 6.69010066986084)","(-1.6067957878112793, 11.08999252319336, 6.69010066986084)",1.5540719032287598,piece_272
"(-3.0380001068115234, 12.24492073059082, 3.231497287750244)","(-3.0380001068115234, 12.24492073059082, 3.231497287750244)",0.6285218596458435,piece_273
"(-3.0380001068115234, 13.038509368896484, 0.5459803938865662)","(-3.0380001068115234, 13.038509368896484, 0.5459803938865662)",1.1484720706939697,piece_274
"(-1.0013889074325562, 13.037315368652344, -2.241400957107544)","(-1.0013889074325562, 13.037315368652344, -2.241400957107544)",1.4939424991607666,piece_275
"(-3.0380001068115234, 19.20207977294922, -3.3808505535125732)","(-3.0380001068115234, 19.20207977294922, -3.3808505535125732)",0.7904756665229797,piece_276
"(-3.0380001068115234, 6.291024208068848, 3.1553726196289062)","(-3.0380001068115234, 6.291024208068848, 3.1553726196289062)",1.0043318271636963,piece_277
"(3.0380001068115234, 15.1155424118042, 1.8939141035079956)","(3.0380001068115234, 15.1155424118042, 1.8939141035079956)",1.2765049934387207,piece_278
"(2.823869466781616, 7.833808422088623, 6.666361331939697)","(2.823869466781616, 7.833808422088623, 6.666361331939697)",1.194272756576538,piece_279
"(-3.0380001068115234, 7.643438339233398, 5.266875267028809)","(-3.0380001068115234, 7.643438339233398, 5.266875267028809)",1.217810034751892,piece_280
"(-3.0380001068115234, 21.07872200012207, -2.2729532718658447)","(-3.0380001068115234, 21.07872200012207, -2.2729532718658447)",1.6533043384552002,piece_281
"(-3.0380001068115234, 7.685605525970459, -0.20825104415416718)","(-3.0380001068115234, 7.685605525970459, -0.20825104415416718)",0.7415174245834351,piece_282
"(1.2713655233383179, 16.524877548217773, -4.2189459800720215)","(1.2713655233383179, 16.524877548217773, -4.2189459800720215)",1.3610341548919678,piece_283
"(-3.027064323425293, 18.59703826904297, 2.823619842529297)","(-3.027064323425293, 18.59703826904297, 2.823619842529297)",1.6219218969345093,piece_284
"(2.5460503101348877, 14.616107940673828, 3.9087483882904053)","(2.5460503101348877, 14.616107940673828, 3.9087483882904053)",0.7104623317718506,piece_285
"(-2.5382838249206543, 18.234373092651367, -4.904829978942871)","(-2.5382838249206543, 18.234373092651367, -4.904829978942871)",1.5529775619506836,piece_286
"(0.7798735499382019, 18.355762481689453, -5.823058605194092)","(0.7798735499382019, 18.355762481689453, -5.823058605194092)",0.7779398560523987,piece_287
"(-3.0380001068115234, 7.341375827789307, 2.6102137565612793)","(-3.0380001068115234, 7.341375827789307, 2.6102137565612793)",0.6883460283279419,piece_288
"(-3.0380001068115234, 14.136651992797852, -1.6217858791351318)","(-3.0380001068115234, 14.136651992797852, -1.6217858791351318)",1.1945748329162598,piece_289
"(-2.9763681888580322, 9.82917594909668, 7.409124374389648)","(-2.9763681888580322, 9.82917594909668, 7.409124374389648)",1.6058441400527954,piece_290
"(3.0380001068115234, 6.280539035797119, 3.8355305194854736)","(3.0380001068115234, 6.280539035797119, 3.8355305194854736)",0.983487606048584,piece_291
"(-0.25813522934913635, 23.95996856689453, -0.5283927321434021)","(-0.25813522934913635, 23.95996856689453, -0.5283927321434021)",1.1353917121887207,piece_292
"(3.0380001068115234, 14.290277481079102, 0.7117411494255066)","(3.0380001068115234, 14.290277481079102, 0.7117411494255066)",0.9241576194763184,piece_293
"(0.09050486981868744, 19.8166446685791, -6.159000396728516)","(0.09050486981868744, 19.8166446685791, -6.159000396728516)",1.168895959854126,piece_294
"(-3.0380001068115234, 10.74724292755127, 1.7622429132461548)","(-3.0380001068115234, 10.74724292755127, 1.7622429132461548)",1.7604836225509644,piece_295
"(-3.0380001068115234, 13.020395278930664, 1.5780324935913086)","(-3.0380001068115234, 13.020395278930664, 1.5780324935913086)",1.2989094257354736,piece_296
"(-3.0380001068115234, 18.062355041503906, -3.876699924468994)","(-3.0380001068115234, 18.062355041503906, -3.876699924468994)",1.3368403911590576,piece_297
"(2.2439050674438477, 21.617298126220703, -6.6399149894714355)","(2.2439050674438477, 21.617298126220703, -6.6399149894714355)",1.5901561975479126,piece_298
"(-0.04840456694364548, 7.074051856994629, -0.046621330082416534)","(-0.04840456694364548, 7.074051856994629, -0.046621330082416534)",0.6449780464172363,piece_299
"(2.648050546646118, 19.357311248779297, 1.4443247318267822)","(2.648050546646118, 19.357311248779297, 1.4443247318267822)",0.7329236268997192,piece_300
"(-3.0380001068115234, 22.473552703857422, -7.016389846801758)","(-3.0380001068115234, 22.473552703857422, -7.016389846801758)",1.1587722301483154,piece_301
"(3.0380001068115234, 15.128445625305176, -2.50191330909729)","(3.0380001068115234, 15.128445625305176, -2.50191330909729)",1.9606404304504395,piece_302
"(1.5086930990219116, 7.06313943862915, 4.780440807342529)","(1.5086930990219116, 7.06313943862915, 4.780440807342529)",1.2987781763076782,piece_303
"(1.6149219274520874, 18.835651397705078, -5.829875469207764)","(1.6149219274520874, 18.835651397705078, -5.829875469207764)",1.0002758502960205,piece_304
"(0.6643298268318176, 10.877580642700195, -1.4330253601074219)","(0.6643298268318176, 10.877580642700195, -1.4330253601074219)",1.1987009048461914,piece_305
"(1.6179590225219727, 13.483792304992676, 4.869363307952881)","(1.6179590225219727, 13.483792304992676, 4.869363307952881)",1.0425515174865723,piece_306
"(3.0380001068115234, 15.714203834533691, -1.4376344680786133)","(3.0380001068115234, 15.714203834533691, -1.4376344680786133)",1.2017691135406494,piece_307
"(-3.0380001068115234, 11.738065719604492, -1.0256022214889526)","(-3.0380001068115234, 11.738065719604492, -1.0256022214889526)",1.1166608333587646,piece_308
"(1.0386704206466675, 7.014931678771973, 0.1320895254611969)","(1.0386704206466675, 7.014931678771973, 0.1320895254611969)",0.7789181470870972,piece_309
"(-3.0380001068115234, 9.611668586730957, -0.13100892305374146)","(-3.0380001068115234, 9.611668586730957, -0.13100892305374146)",0.7613785266876221,piece_310
"(-3.0380001068115234, 25.99843406677246, -4.348979949951172)","(-3.0380001068115234, 25.99843406677246, -4.348979949951172)",1.921584129333496,piece_311
"(0.5455355644226074, 15.830768585205078, -4.660815238952637)","(0.5455355644226074, 15.830768585205078, -4.660815238952637)",0.6297270059585571,piece_312
"(-2.5641324520111084, 12.27375602722168, 5.925685405731201)","(-2.5641324520111084, 12.27375602722168, 5.925685405731201)",1.4244369268417358,piece_313
"(1.0136884450912476, 7.466570854187012, 3.552849292755127)","(1.0136884450912476, 7.466570854187012, 3.552849292755127)",1.7977933883666992,piece_314
"(-3.0380001068115234, 22.313859939575195, -5.387954235076904)","(-3.0380001068115234, 22.313859939575195, -5.387954235076904)",1.0676233768463135,piece_315
"(-3.0380001068115234, 8.146928787231445, 1.657259464263916)","(-3.0380001068115234, 8.146928787231445, 1.657259464263916)",0.9688682556152344,piece_316
"(-3.0380001068115234, 8.652565956115723, 6.7300801277160645)","(-3.0380001068115234, 8.652565956115723, 6.7300801277160645)",0.694280207157135,piece_317
"(2.413001537322998, 25.930295944213867, -2.9087915420532227)","(2.413001537322998, 25.930295944213867, -2.9087915420532227)",1.4682681560516357,piece_318
"(0.8899168372154236, 11.185333251953125, 6.148962497711182)","(0.8899168372154236, 11.185333251953125, 6.148962497711182)",1.108655333518982,piece_319
"(3.0380001068115234, 15.160276412963867, -2.5820231437683105)","(3.0380001068115234, 15.160276412963867, -2.5820231437683105)",0.7328648567199707,piece_320
"(0.08447820693254471, 24.946063995361328, -1.5315805673599243)","(0.08447820693254471, 24.946063995361328, -1.5315805673599243)",0.6950616240501404,piece_321
"(1.5752482414245605, 6.363682746887207, 6.134580135345459)","(1.5752482414245605, 6.363682746887207, 6.134580135345459)",0.6271610260009766,piece_322
"(-3.0380001068115234, 9.206777572631836, 6.930550575256348)","(-3.0380001068115234, 9.206777572631836, 6.930550575256348)",1.5629932880401611,piece_323
"(-1.7642334699630737, 8.906210899353027, -0.34468916058540344)","(-1.7642334699630737, 8.906210899353027, -0.34468916058540344)",1.247084617614746,piece_324
"(-0.9866856336593628, 15.448819160461426, -4.26603889465332)","(-0.9866856336593628, 15.448819160461426, -4.26603889465332)",0.8059119582176208,piece_325
"(3.0380001068115234, 21.647024154663086, -6.104069232940674)","(3.0380001068115234, 21.647024154663086, -6.104069232940674)",1.4931690692901611,piece_326
"(-0.9770402908325195, 22.65212631225586, -7.329346656799316)","(-0.9770402908325195, 22.65212631225586, -7.329346656799316)",1.457610845565796,piece_327
"(0.04783181473612785, 14.844518661499023, 4.355710029602051)","(0.04783181473612785, 14.844518661499023, 4.355710029602051)",1.2246276140213013,piece_328
"(0.1401800662279129, 7.908757209777832, 7.603523254394531)","(0.1401800662279129, 7.908757209777832, 7.603523254394531)",0.8676806688308716,piece_329
"(2.540942907333374, 21.397363662719727, -6.139919281005859)","(2.540942907333374, 21.397363662719727, -6.139919281005859)",1.9389255046844482,piece_330
"(-3.0380001068115234, 5.35038948059082, 1.7190920114517212)","(-3.0380001068115234, 5.35038948059082, 1.7190920114517212)",0.6080589294433594,piece_331
"(3.0380001068115234, 23.59724998474121, -2.9955389499664307)","(3.0380001068115234, 23.59724998474121, -2.9955389499664307)",1.4590600728988647,piece_332
"(-1.5764836072921753, 10.542317390441895, -0.764888346195221)","(-1.5764836072921753, 10.542317390441895, -0.764888346195221)",1.6450581550598145,piece_333
"(-3.0380001068115234, 9.279623985290527, 0.7965365052223206)","(-3.0380001068115234, 9.279623985290527, 0.7965365052223206)",1.4024507999420166,piece_334
"(-2.002392292022705, 12.225968360900879, -2.442939519882202)","(-2.002392292022705, 12.225968360900879, -2.442939519882202)",0.9247891902923584,piece_335
"(-0.01696709543466568, 22.5727481842041, -7.408560752868652)","(-0.01696709543466568, 22.5727481842041, -7.408560752868652)",1.3479630947113037,piece_336
"(-1.125970482826233, 7.091013431549072, 0.05037091672420502)","(-1.125970482826233, 7.091013431549072, 0.05037091672420502)",0.7410279512405396,piece_337
"(-3.0380001068115234, 8.241506576538086, 3.4911983013153076)","(-3.0380001068115234, 8.241506576538086, 3.4911983013153076)",1.0769951343536377,piece_338
"(2.402780055999756, 15.328465461730957, -3.2026402950286865)","(2.402780055999756, 15.328465461730957, -3.2026402950286865)",1.7131129503250122,piece_339
"(-1.7480286359786987, 20.456947326660156, -5.896562099456787)","(-1.7480286359786987, 20.456947326660156, -5.896562099456787)",1.7118350267410278,piece_340
"(-1.7880347967147827, 16.430801391601562, 3.0826282501220703)","(-1.7880347967147827, 16.430801391601562, 3.0826282501220703)",0.8253039121627808,piece_341
"(1.0763890743255615, 12.453330993652344, 5.711058139801025)","(1.0763890743255615, 12.453330993652344, 5.711058139801025)",1.3152801990509033,piece_342
"(-3.0380001068115234, 14.677075386047363, -2.4707107543945312)","(-3.0380001068115234, 14.677075386047363, -2.4707107543945312)",0.608396053314209,piece_343
"(-0.3422141671180725, 13.517581939697266, 5.644859313964844)","(-0.3422141671180725, 13.517581939697266, 5.644859313964844)",1.76202392578125,piece_344
"(-3.0380001068115234, 12.858115196228027, 4.412181377410889)","(-3.0380001068115234, 12.858115196228027, 4.412181377410889)",1.3997886180877686,piece_345
"(-2.253458023071289, 8.887884140014648, 5.521530628204346)","(-2.253458023071289, 8.887884140014648, 5.521530628204346)",1.982427954673767,piece_346
"(-2.731746196746826, 7.508298873901367, 4.054298400878906)","(-2.731746196746826, 7.508298873901367, 4.054298400878906)",1.6922986507415771,piece_347
"(1.9657970666885376, 6.2508368492126465, 4.124456882476807)","(1.9657970666885376, 6.2508368492126465, 4.124456882476807)",1.0759670734405518,piece_348
"(-3.0380001068115234, 16.14868927001953, 2.538682460784912)","(-3.0380001068115234, 16.14868927001953, 2.538682460784912)",0.8885655403137207,piece_349
"(3.0380001068115234, 14.408865928649902, -1.0401264429092407)","(3.0380001068115234, 14.408865928649902, -1.0401264429092407)",1.3655688762664795,piece_350
"(-0.7401488423347473, 18.800792694091797, -5.850208282470703)","(-0.7401488423347473, 18.800792694091797, -5.850208282470703)",0.9652341604232788,piece_351
"(3.0380001068115234, 25.764875411987305, -0.8027291893959045)","(3.0380001068115234, 25.764875411987305, -0.8027291893959045)",1.8786519765853882,piece_352
"(3.0380001068115234, 11.97105598449707, 0.9888230562210083)","(3.0380001068115234, 11.97105598449707, 0.9888230562210083)",1.190091609954834,piece_353
"(-0.7452420592308044, 8.591163635253906, 7.251643657684326)","(-0.7452420592308044, 8.591163635253906, 7.251643657684326)",1.4085938930511475,piece_354
"(3.0380001068115234, 18.781618118286133, -2.2896225452423096)","(3.0380001068115234, 18.781618118286133, -2.2896225452423096)",0.9583739042282104,piece_355
"(-3.0380001068115234, 14.341995239257812, 0.6291643381118774)","(-3.0380001068115234, 14.341995239257812, 0.6291643381118774)",1.2052741050720215,piece_356
"(3.0380001068115234, 19.539546966552734, -1.0451934337615967)","(3.0380001068115234, 19.539546966552734, -1.0451934337615967)",1.1903623342514038,piece_357
"(2.5692267417907715, 18.81714630126953, 2.082016944885254)","(2.5692267417907715, 18.81714630126953, 2.082016944885254)",1.0540953874588013,piece_358
"(3.0380001068115234, 10.497169494628906, 1.178115963935852)","(3.0380001068115234, 10.497169494628906, 1.178115963935852)",0.8701632022857666,piece_359
"(-1.9484845399856567, 4.365427017211914, 2.2653777599334717)","(-1.9484845399856567, 4.365427017211914, 2.2653777599334717)",0.6429330706596375,piece_360
"(-2.187753915786743, 16.75674057006836, -4.445183753967285)","(-2.187753915786743, 16.75674057006836, -4.445183753967285)",1.266245722770691,piece_361
"(1.2566044330596924, 21.23349380493164, -6.3154754638671875)","(1.2566044330596924, 21.23349380493164, -6.3154754638671875)",1.7016613483428955,piece_362
"(-2.876814603805542, 21.095916748046875, -7.33616304397583)","(-2.876814603805542, 21.095916748046875, -7.33616304397583)",0.7103755474090576,piece_363
"(-0.2962374985218048, 6.396265506744385, 6.288785934448242)","(-0.2962374985218048, 6.396265506744385, 6.288785934448242)",0.6041243076324463,piece_364
"(-1.5619784593582153, 8.81025218963623, 7.469924449920654)","(-1.5619784593582153, 8.81025218963623, 7.469924449920654)",1.1757886409759521,piece_365
"(-2.526732921600342, 19.95529556274414, 1.8084936141967773)","(-2.526732921600342, 19.95529556274414, 1.8084936141967773)",1.347982406616211,piece_366
"(3.0380001068115234, 11.106666564941406, 4.4845476150512695)","(3.0380001068115234, 11.106666564941406, 4.4845476150512695)",1.1631426811218262,piece_367
"(3.0380001068115234, 17.87860870361328, 2.0777759552001953)","(3.0380001068115234, 17.87860870361328, 2.0777759552001953)",1.1035079956054688,piece_368
"(3.0380001068115234, 19.324901580810547, 1.279595971107483)","(3.0380001068115234, 19.324901580810547, 1.279595971107483)",1.0709713697433472,piece_369
"(-2.7026662826538086, 9.815149307250977, -0.6593599319458008)","(-2.7026662826538086, 9.815149307250977, -0.6593599319458008)",1.3945029973983765,piece_370
"(-1.968831181526184, 18.78131675720215, -5.302758693695068)","(-1.968831181526184, 18.78131675720215, -5.302758693695068)",1.4525011777877808,piece_371
"(3.0380001068115234, 10.578441619873047, 1.1995877027511597)","(3.0380001068115234, 10.578441619873047, 1.1995877027511597)",1.364837408065796,piece_372
"(-3.0380001068115234, 21.387481689453125, -0.4621376395225525)","(-3.0380001068115234, 21.387481689453125, -0.4621376395225525)",0.8748118877410889,piece_373
"(-1.853034496307373, 17.272624969482422, 3.60672926902771)","(-1.853034496307373, 17.272624969482422, 3.60672926902771)",1.701536774635315,piece_374
"(3.0380001068115234, 20.89214324951172, -2.3834095001220703)","(3.0380001068115234, 20.89214324951172, -2.3834095001220703)",0.7505657076835632,piece_375
"(3.0380001068115234, 16.224010467529297, -2.047966480255127)","(3.0380001068115234, 16.224010467529297, -2.047966480255127)",1.984604835510254,piece_376
"(3.0380001068115234, 11.925642013549805, 2.0753448009490967)","(3.0380001068115234, 11.925642013549805, 2.0753448009490967)",1.6544835567474365,piece_377
"(0.7717568874359131, 6.438083171844482, 5.314808368682861)","(0.7717568874359131, 6.438083171844482, 5.314808368682861)",0.8675373792648315,piece_378
"(-0.9158124327659607, 13.319059371948242, 5.9370012283325195)","(-0.9158124327659607, 13.319059371948242, 5.9370012283325195)",1.932464361190796,piece_379
"(-2.973422050476074, 21.976627349853516, -6.945529460906982)","(-2.973422050476074, 21.976627349853516, -6.945529460906982)",1.484070062637329,piece_380
"(-1.180888056755066, 12.664981842041016, 5.100072383880615)","(-1.180888056755066, 12.664981842041016, 5.100072383880615)",0.8618963956832886,piece_381
"(3.0380001068115234, 13.639359474182129, 3.3091390132904053)","(3.0380001068115234, 13.639359474182129, 3.3091390132904053)",1.2183663845062256,piece_382
"(2.045180320739746, 18.030200958251953, -5.512091636657715)","(2.045180320739746, 18.030200958251953, -5.512091636657715)",0.9049602746963501,piece_383
"(2.486262321472168, 5.575389862060547, 3.325880765914917)","(2.486262321472168, 5.575389862060547, 3.325880765914917)",0.9539743661880493,piece_384
"(3.0380001068115234, 11.98209285736084, 1.5921708345413208)","(3.0380001068115234, 11.98209285736084, 1.5921708345413208)",0.9512645602226257,piece_385
"(0.1782367080450058, 10.093146324157715, 6.484302043914795)","(0.1782367080450058, 10.093146324157715, 6.484302043914795)",0.8927220106124878,piece_386
"(1.1817879676818848, 18.125736236572266, 3.056913137435913)","(1.1817879676818848, 18.125736236572266, 3.056913137435913)",1.6090915203094482,piece_387
"(-2.1510086059570312, 26.009780883789062, -3.6995630264282227)","(-2.1510086059570312, 26.009780883789062, -3.6995630264282227)",1.7038153409957886,piece_388
"(3.0380001068115234, 11.792948722839355, -1.352246642112732)","(3.0380001068115234, 11.792948722839355, -1.352246642112732)",1.0649619102478027,piece_389
"(3.0380001068115234, 9.719307899475098, 4.307731628417969)","(3.0380001068115234, 9.719307899475098, 4.307731628417969)",0.9608761072158813,piece_390
"(3.0380001068115234, 21.637434005737305, -5.229849338531494)","(3.0380001068115234, 21.637434005737305, -5.229849338531494)",1.1120140552520752,piece_391
"(3.0380001068115234, 17.227712631225586, -1.4092695713043213)","(3.0380001068115234, 17.227712631225586, -1.4092695713043213)",0.6483938097953796,piece_392
"(2.379225015640259, 17.132343292236328, -5.159233570098877)","(2.379225015640259, 17.132343292236328, -5.159233570098877)",0.7974544763565063,piece_393
"(-3.0380001068115234, 7.651908874511719, 0.19383180141448975)","(-3.0380001068115234, 7.651908874511719, 0.19383180141448975)",1.0466842651367188,piece_394
"(3.0380001068115234, 14.330209732055664, 0.16533628106117249)","(3.0380001068115234, 14.330209732055664, 0.16533628106117249)",1.3766310214996338,piece_395
"(1.6012587547302246, 25.63640594482422, -2.3842453956604004)","(1.6012587547302246, 25.63640594482422, -2.3842453956604004)",1.197180986404419,piece_396
"(3.0380001068115234, 24.190128326416016, -3.812434673309326)","(3.0380001068115234, 24.190128326416016, -3.812434673309326)",1.3746883869171143,piece_397
"(1.1928755044937134, 15.05888843536377, -3.1529674530029297)","(1.1928755044937134, 15.05888843536377, -3.1529674530029297)",1.6297967433929443,piece_398
"(-3.0380001068115234, 14.90944766998291, -0.9760031700134277)","(-3.0380001068115234, 14.90944766998291, -0.9760031700134277)",1.1467270851135254,piece_399
"(0.2618102431297302, 17.46175765991211, 3.42698335647583)","(0.2618102431297302, 17.46175765991211, 3.42698335647583)",1.628568410873413,piece_400
"(2.8896126747131348, 22.740314483642578, -7.142517566680908)","(2.8896126747131348, 22.740314483642578, -7.142517566680908)",1.6690595149993896,piece_401
"(3.0380001068115234, 20.64616584777832, -1.409913182258606)","(3.0380001068115234, 20.64616584777832, -1.409913182258606)",0.6353611350059509,piece_402
"(2.384319305419922, 15.825018882751465, 4.428740501403809)","(2.384319305419922, 15.825018882751465, 4.428740501403809)",1.7577718496322632,piece_403
"(0.3974781930446625, 24.053842544555664, -0.08617275953292847)","(0.3974781930446625, 24.053842544555664, -0.08617275953292847)",1.5811922550201416,piece_404
"(-2.481275796890259, 12.232410430908203, 6.367502689361572)","(-2.481275796890259, 12.232410430908203, 6.367502689361572)",1.8054815530776978,piece_405
"(3.0380001068115234, 11.36470890045166, -0.5093196034431458)","(3.0380001068115234, 11.36470890045166, -0.5093196034431458)",0.934074878692627,piece_406
"(-0.8663278818130493, 15.389923095703125, 3.467139482498169)","(-0.8663278818130493, 15.389923095703125, 3.467139482498169)",0.6784025430679321,piece_407
"(3.0380001068115234, 14.666099548339844, 4.133864879608154)","(3.0380001068115234, 14.666099548339844, 4.133864879608154)",1.4511297941207886,piece_408
"(-3.0380001068115234, 24.45258331298828, -4.482543468475342)","(-3.0380001068115234, 24.45258331298828, -4.482543468475342)",1.61137056350708,piece_409
"(2.5729806423187256, 23.52247428894043, 0.08773381263017654)","(2.5729806423187256, 23.52247428894043, 0.08773381263017654)",1.485894799232483,piece_410
"(3.0380001068115234, 17.336828231811523, 1.9071648120880127)","(3.0380001068115234, 17.336828231811523, 1.9071648120880127)",1.3845715522766113,piece_411
"(1.403076171875, 18.970684051513672, -4.868661880493164)","(1.403076171875, 18.970684051513672, -4.868661880493164)",1.9364066123962402,piece_412
"(-2.747692108154297, 23.829330444335938, -5.905612468719482)","(-2.747692108154297, 23.829330444335938, -5.905612468719482)",1.2170307636260986,piece_413
"(-2.591059684753418, 18.09393882751465, -5.6716132164001465)","(-2.591059684753418, 18.09393882751465, -5.6716132164001465)",0.7906239032745361,piece_414
"(3.0380001068115234, 24.036087036132812, -1.9737974405288696)","(3.0380001068115234, 24.036087036132812, -1.9737974405288696)",1.7635873556137085,piece_415
"(0.9390649199485779, 8.421704292297363, 7.296450614929199)","(0.9390649199485779, 8.421704292297363, 7.296450614929199)",0.8334236145019531,piece_416
"(1.7705988883972168, 25.469655990600586, -3.6719229221343994)","(1.7705988883972168, 25.469655990600586, -3.6719229221343994)",1.4397032260894775,piece_417
"(-2.8831701278686523, 13.345987319946289, -2.735248327255249)","(-2.8831701278686523, 13.345987319946289, -2.735248327255249)",1.193004846572876,piece_418
"(3.0380001068115234, 9.888116836547852, 5.177371501922607)","(3.0380001068115234, 9.888116836547852, 5.177371501922607)",1.0562777519226074,piece_419
"(-3.0380001068115234, 14.924314498901367, -0.10395961254835129)","(-3.0380001068115234, 14.924314498901367, -0.10395961254835129)",1.0496504306793213,piece_420
"(3.0380001068115234, 20.033586502075195, -0.09274904429912567)","(3.0380001068115234, 20.033586502075195, -0.09274904429912567)",1.724151611328125,piece_421
"(-2.418407440185547, 26.83711051940918, -1.3060383796691895)","(-2.418407440185547, 26.83711051940918, -1.3060383796691895)",1.8001282215118408,piece_422
"(3.0380001068115234, 21.08830451965332, -4.162561416625977)","(3.0380001068115234, 21.08830451965332, -4.162561416625977)",0.9498565196990967,piece_423
"(-0.1613246500492096, 23.146419525146484, 0.6565529108047485)","(-0.1613246500492096, 23.146419525146484, 0.6565529108047485)",1.822744607925415,piece_424
"(-1.932982325553894, 14.703642845153809, 4.955216884613037)","(-1.932982325553894, 14.703642845153809, 4.955216884613037)",1.701302409172058,piece_425
"(0.430433452129364, 18.931028366088867, 2.098477363586426)","(0.430433452129364, 18.931028366088867, 2.098477363586426)",1.1232540607452393,piece_426
"(0.3350767493247986, 25.71997833251953, -3.859849691390991)","(0.3350767493247986, 25.71997833251953, -3.859849691390991)",1.6058868169784546,piece_427
"(1.6410162448883057, 9.40341567993164, 7.081047534942627)","(1.6410162448883057, 9.40341567993164, 7.081047534942627)",1.1055324077606201,piece_428
"(-3.0380001068115234, 14.370399475097656, 4.318144798278809)","(-3.0380001068115234, 14.370399475097656, 4.318144798278809)",1.2658708095550537,piece_429
"(0.18905562162399292, 15.9102144241333, -4.17378044128418)","(0.18905562162399292, 15.9102144241333, -4.17378044128418)",1.1093037128448486,piece_430
"(0.1529957503080368, 11.869207382202148, 5.247551441192627)","(0.1529957503080368, 11.869207382202148, 5.247551441192627)",0.6167210340499878,piece_431
"(3.0380001068115234, 21.828853607177734, -0.39128461480140686)","(3.0380001068115234, 21.828853607177734, -0.39128461480140686)",1.7393035888671875,piece_432
"(-3.0380001068115234, 26.640472412109375, -1.51162850856781)","(-3.0380001068115234, 26.640472412109375, -1.51162850856781)",1.745307445526123,piece_433
"(1.1424087285995483, 13.49113655090332, 5.245052814483643)","(1.1424087285995483, 13.49113655090332, 5.245052814483643)",1.3868025541305542,piece_434
"(3.0380001068115234, 15.94757080078125, -0.521204948425293)","(3.0380001068115234, 15.94757080078125, -0.521204948425293)",1.6175868511199951,piece_435
"(3.0380001068115234, 8.868169784545898, 3.5526041984558105)","(3.0380001068115234, 8.868169784545898, 3.5526041984558105)",1.249143123626709,piece_436
"(3.0380001068115234, 10.553739547729492, 0.27433592081069946)","(3.0380001068115234, 10.553739547729492, 0.27433592081069946)",1.215135097503662,piece_437
"(-0.553547739982605, 19.626983642578125, 1.7952998876571655)","(-0.553547739982605, 19.626983642578125, 1.7952998876571655)",1.1796772480010986,piece_438
"(1.9665199518203735, 23.765647888183594, -0.36430123448371887)","(1.9665199518203735, 23.765647888183594, -0.36430123448371887)",1.191691279411316,piece_439
"(3.0380001068115234, 12.814737319946289, 2.312917947769165)","(3.0380001068115234, 12.814737319946289, 2.312917947769165)",1.0713307857513428,piece_440
"(-2.0102968215942383, 11.000276565551758, -1.1288293600082397)","(-2.0102968215942383, 11.000276565551758, -1.1288293600082397)",1.533036231994629,piece_441
"(-2.9148902893066406, 23.674638748168945, -0.19460389018058777)","(-2.9148902893066406, 23.674638748168945, -0.19460389018058777)",1.3022706508636475,piece_442
"(3.0380001068115234, 10.065628051757812, 7.113879680633545)","(3.0380001068115234, 10.065628051757812, 7.113879680633545)",1.9372670650482178,piece_443
"(2.7368061542510986, 14.267355918884277, 4.9166741371154785)","(2.7368061542510986, 14.267355918884277, 4.9166741371154785)",1.458587646484375,piece_444
"(3.0380001068115234, 13.904938697814941, -2.980056047439575)","(3.0380001068115234, 13.904938697814941, -2.980056047439575)",0.6711373329162598,piece_445
"(-3.0380001068115234, 25.356761932373047, -3.539764881134033)","(-3.0380001068115234, 25.356761932373047, -3.539764881134033)",1.5339977741241455,piece_446
"(-3.0380001068115234, 18.996597290039062, 1.7728989124298096)","(-3.0380001068115234, 18.996597290039062, 1.7728989124298096)",1.9806432723999023,piece_447
"(3.0380001068115234, 20.264280319213867, 0.4027983844280243)","(3.0380001068115234, 20.264280319213867, 0.4027983844280243)",1.2684178352355957,piece_448
"(3.0380001068115234, 18.932880401611328, 1.0982402563095093)","(3.0380001068115234, 18.932880401611328, 1.0982402563095093)",1.3831899166107178,piece_449
"(3.0380001068115234, 12.87789249420166, -0.49839067459106445)","(3.0380001068115234, 12.87789249420166, -0.49839067459106445)",1.1357266902923584,piece_450
"(3.0380001068115234, 22.698741912841797, -7.260775089263916)","(3.0380001068115234, 22.698741912841797, -7.260775089263916)",1.050520896911621,piece_451
"(0.6659026741981506, 26.946826934814453, -1.6506166458129883)","(0.6659026741981506, 26.946826934814453, -1.6506166458129883)",1.637780785560608,piece_452
"(-3.0380001068115234, 22.63241958618164, -1.6430195569992065)","(-3.0380001068115234, 22.63241958618164, -1.6430195569992065)",1.7958908081054688,piece_453
"(0.19523929059505463, 18.324573516845703, 2.6341302394866943)","(0.19523929059505463, 18.324573516845703, 2.6341302394866943)",1.320307970046997,piece_454
"(3.0380001068115234, 16.713085174560547, -1.2643269300460815)","(3.0380001068115234, 16.713085174560547, -1.2643269300460815)",1.1100361347198486,piece_455
"(-1.635386347770691, 10.79629135131836, 6.220769882202148)","(-1.635386347770691, 10.79629135131836, 6.220769882202148)",0.9885267615318298,piece_456
"(3.0380001068115234, 9.102690696716309, 4.919022560119629)","(3.0380001068115234, 9.102690696716309, 4.919022560119629)",1.118497610092163,piece_457
"(3.0380001068115234, 15.215877532958984, 1.2750672101974487)","(3.0380001068115234, 15.215877532958984, 1.2750672101974487)",1.983309030532837,piece_458
"(3.0380001068115234, 11.680599212646484, 0.1949179470539093)","(3.0380001068115234, 11.680599212646484, 0.1949179470539093)",1.2633593082427979,piece_459
"(-3.0380001068115234, 21.765827178955078, 0.60704106092453)","(-3.0380001068115234, 21.765827178955078, 0.60704106092453)",1.3797274827957153,piece_460
"(-3.0380001068115234, 24.05971336364746, -1.184125304222107)","(-3.0380001068115234, 24.05971336364746, -1.184125304222107)",1.2941558361053467,piece_461
"(2.8114194869995117, 25.30604362487793, -3.62394118309021)","(2.8114194869995117, 25.30604362487793, -3.62394118309021)",1.3497968912124634,piece_462
"(2.11832332611084, 8.147518157958984, 0.4263174533843994)","(2.11832332611084, 8.147518157958984, 0.4263174533843994)",1.5851120948791504,piece_463
"(-2.3516902923583984, 17.506519317626953, 2.5938844680786133)","(-2.3516902923583984, 17.506519317626953, 2.5938844680786133)",0.8942558765411377,piece_464
"(3.0380001068115234, 17.399391174316406, -0.15133462846279144)","(3.0380001068115234, 17.399391174316406, -0.15133462846279144)",1.0084681510925293,piece_465
"(3.0380001068115234, 13.26087760925293, 2.39886474609375)","(3.0380001068115234, 13.26087760925293, 2.39886474609375)",0.80173259973526,piece_466
"(3.0380001068115234, 19.7907772064209, -5.162529945373535)","(3.0380001068115234, 19.7907772064209, -5.162529945373535)",0.9464832544326782,piece_467
"(-1.3140448331832886, 15.42236614227295, 3.9544408321380615)","(-1.3140448331832886, 15.42236614227295, 3.9544408321380615)",1.135838508605957,piece_468
"(1.4583210945129395, 17.632823944091797, 3.5936176776885986)","(1.4583210945129395, 17.632823944091797, 3.5936176776885986)",1.861167550086975,piece_469
"(-2.2306575775146484, 26.072362899780273, -2.9642114639282227)","(-2.2306575775146484, 26.072362899780273, -2.9642114639282227)",1.549774169921875,piece_470
"(1.4156053066253662, 25.075420379638672, -0.755936324596405)","(1.4156053066253662, 25.075420379638672, -0.755936324596405)",1.4601765871047974,piece_471
"(-2.7164766788482666, 17.672645568847656, 3.342818021774292)","(-2.7164766788482666, 17.672645568847656, 3.342818021774292)",1.652652382850647,piece_472
"(3.0380001068115234, 24.063692092895508, -4.117681980133057)","(3.0380001068115234, 24.063692092895508, -4.117681980133057)",1.8234556913375854,piece_473
"(3.0380001068115234, 21.992935180664062, -5.270802021026611)","(3.0380001068115234, 21.992935180664062, -5.270802021026611)",0.6558731198310852,piece_474
"(3.0380001068115234, 12.938334465026855, 5.078638076782227)","(3.0380001068115234, 12.938334465026855, 5.078638076782227)",1.2732064723968506,piece_475
"(-1.0059237480163574, 17.71472930908203, -5.33853816986084)","(-1.0059237480163574, 17.71472930908203, -5.33853816986084)",0.912150502204895,piece_476
"(3.0380001068115234, 21.604564666748047, -6.334331035614014)","(3.0380001068115234, 21.604564666748047, -6.334331035614014)",0.9208121299743652,piece_477
"(0.5813935399055481, 22.41162872314453, -6.8497419357299805)","(0.5813935399055481, 22.41162872314453, -6.8497419357299805)",0.7779725790023804,piece_478
"(-3.0380001068115234, 18.47770881652832, -1.8964110612869263)","(-3.0380001068115234, 18.47770881652832, -1.8964110612869263)",1.3951623439788818,piece_479
"(-0.4576791226863861, 16.375532150268555, 3.022624969482422)","(-0.4576791226863861, 16.375532150268555, 3.022624969482422)",0.7445614337921143,piece_480
"(3.0380001068115234, 20.849882125854492, -4.083223342895508)","(3.0380001068115234, 20.849882125854492, -4.083223342895508)",1.3740651607513428,piece_481
"(-1.1991215944290161, 26.466821670532227, -1.0079952478408813)","(-1.1991215944290161, 26.466821670532227, -1.0079952478408813)",1.894128441810608,piece_482
"(-2.863856077194214, 25.086959838867188, -0.885356605052948)","(-2.863856077194214, 25.086959838867188, -0.885356605052948)",1.3482856750488281,piece_483
"(0.5716295838356018, 15.667152404785156, 3.9219319820404053)","(0.5716295838356018, 15.667152404785156, 3.9219319820404053)",1.2229175567626953,piece_484
"(-2.4923386573791504, 12.099264144897461, 5.409526824951172)","(-2.4923386573791504, 12.099264144897461, 5.409526824951172)",0.8731850385665894,piece_485
"(0.38124915957450867, 23.783966064453125, -0.8441053032875061)","(0.38124915957450867, 23.783966064453125, -0.8441053032875061)",0.7652272582054138,piece_486
"(-1.8560678958892822, 7.211556434631348, 0.5708924531936646)","(-1.8560678958892822, 7.211556434631348, 0.5708924531936646)",1.2705471515655518,piece_487
"(1.3711506128311157, 11.396303176879883, -1.0254327058792114)","(1.3711506128311157, 11.396303176879883, -1.0254327058792114)",1.8154025077819824,piece_488
"(2.233577013015747, 9.495307922363281, 7.582644939422607)","(2.233577013015747, 9.495307922363281, 7.582644939422607)",1.6042442321777344,piece_489
"(3.0380001068115234, 10.433489799499512, 5.683980941772461)","(3.0380001068115234, 10.433489799499512, 5.683980941772461)",0.8588255643844604,piece_490
"(3.0380001068115234, 9.894675254821777, 6.0370259284973145)","(3.0380001068115234, 9.894675254821777, 6.0370259284973145)",1.0666791200637817,piece_491
"(1.1728347539901733, 25.571060180664062, -1.127210021018982)","(1.1728347539901733, 25.571060180664062, -1.127210021018982)",1.3594460487365723,piece_492
"(-2.075709342956543, 9.968286514282227, 7.1515984535217285)","(-2.075709342956543, 9.968286514282227, 7.1515984535217285)",1.4385087490081787,piece_493
"(3.0380001068115234, 7.13047981262207, 3.3364906311035156)","(3.0380001068115234, 7.13047981262207, 3.3364906311035156)",0.8299395442008972,piece_494
"(-3.0380001068115234, 9.786705017089844, 1.868640661239624)","(-3.0380001068115234, 9.786705017089844, 1.868640661239624)",0.7821201682090759,piece_495
"(-1.9290217161178589, 24.61781883239746, -6.449150562286377)","(-1.9290217161178589, 24.61781883239746, -6.449150562286377)",1.728388786315918,piece_496
"(-2.66102933883667, 21.620948791503906, 0.3684985339641571)","(-2.66102933883667, 21.620948791503906, 0.3684985339641571)",0.8350614905357361,piece_497
"(-1.5259798765182495, 24.027151107788086, -7.585573196411133)","(-1.5259798765182495, 24.027151107788086, -7.585573196411133)",1.7312301397323608,piece_498
"(-0.38720467686653137, 27.106372833251953, -1.8068442344665527)","(-0.38720467686653137, 27.106372833251953, -1.8068442344665527)",1.752811312675476,piece_499
"(-2.1900269985198975, 14.46618366241455, 4.205453395843506)","(-2.1900269985198975, 14.46618366241455, 4.205453395843506)",0.9081844687461853,piece_500
"(-3.0380001068115234, 16.585037231445312, 3.904632329940796)","(-3.0380001068115234, 16.585037231445312, 3.904632329940796)",1.8974627256393433,piece_501
"(-3.0380001068115234, 18.802711486816406, -0.773567795753479)","(-3.0380001068115234, 18.802711486816406, -0.773567795753479)",0.7382819056510925,piece_502
"(2.063027858734131, 12.23589038848877, 6.089004993438721)","(2.063027858734131, 12.23589038848877, 6.089004993438721)",1.554538369178772,piece_503
"(-1.472746729850769, 24.754575729370117, -2.688110113143921)","(-1.472746729850769, 24.754575729370117, -2.688110113143921)",0.8532299399375916,piece_504
"(1.300829529762268, 24.996789932250977, -1.5507636070251465)","(1.300829529762268, 24.996789932250977, -1.5507636070251465)",0.7018167972564697,piece_505
"(3.0380001068115234, 15.306199073791504, 3.3376872539520264)","(3.0380001068115234, 15.306199073791504, 3.3376872539520264)",1.3861615657806396,piece_506
"(-2.5970635414123535, 10.376474380493164, 6.774693012237549)","(-2.5970635414123535, 10.376474380493164, 6.774693012237549)",1.291027545928955,piece_507
"(-3.0380001068115234, 7.23008918762207, 2.5052807331085205)","(-3.0380001068115234, 7.23008918762207, 2.5052807331085205)",1.1705604791641235,piece_508
"(1.5174055099487305, 14.44095230102539, 4.096586227416992)","(1.5174055099487305, 14.44095230102539, 4.096586227416992)",0.7974259257316589,piece_509
"(-0.7660115957260132, 13.174181938171387, 5.363344669342041)","(-0.7660115957260132, 13.174181938171387, 5.363344669342041)",1.343163251876831,piece_510
"(0.2977643609046936, 26.116756439208984, -2.5369062423706055)","(0.2977643609046936, 26.116756439208984, -2.5369062423706055)",1.4640851020812988,piece_511
"(-1.8381870985031128, 26.952363967895508, -1.3981235027313232)","(-1.8381870985031128, 26.952363967895508, -1.3981235027313232)",1.771489143371582,piece_512
"(1.4026384353637695, 19.149328231811523, 1.65092134475708)","(1.4026384353637695, 19.149328231811523, 1.65092134475708)",0.8212687969207764,piece_513
"(1.4603757858276367, 24.458894729614258, 0.05553955212235451)","(1.4603757858276367, 24.458894729614258, 0.05553955212235451)",1.9026086330413818,piece_514
"(0.8157902359962463, 20.55522346496582, 1.1052696704864502)","(0.8157902359962463, 20.55522346496582, 1.1052696704864502)",0.9958318471908569,piece_515
"(-1.7756192684173584, 25.054109573364258, -4.32197380065918)","(-1.7756192684173584, 25.054109573364258, -4.32197380065918)",1.4043400287628174,piece_516
"(-1.1168476343154907, 22.687978744506836, -6.631224632263184)","(-1.1168476343154907, 22.687978744506836, -6.631224632263184)",0.8549370765686035,piece_517
"(-1.2356929779052734, 18.097206115722656, 2.6532692909240723)","(-1.2356929779052734, 18.097206115722656, 2.6532692909240723)",1.2293965816497803,piece_518
"(-1.1042221784591675, 25.348718643188477, -3.5020883083343506)","(-1.1042221784591675, 25.348718643188477, -3.5020883083343506)",1.3396542072296143,piece_519
"(-1.005859375, 27.16776466369629, -2.0218615531921387)","(-1.005859375, 27.16776466369629, -2.0218615531921387)",1.835801362991333,piece_520
"(-1.6452070474624634, 13.084487915039062, 5.6573052406311035)","(-1.6452070474624634, 13.084487915039062, 5.6573052406311035)",1.5670769214630127,piece_521
"(2.2251882553100586, 27.11731719970703, -2.1894397735595703)","(2.2251882553100586, 27.11731719970703, -2.1894397735595703)",1.8536747694015503,piece_522
"(0.3978464901447296, 12.89452838897705, 4.818521499633789)","(0.3978464901447296, 12.89452838897705, 4.818521499633789)",0.7158352732658386,piece_523
"(2.3006606101989746, 25.494640350341797, -5.482412338256836)","(2.3006606101989746, 25.494640350341797, -5.482412338256836)",1.9042326211929321,piece_524
"(-2.646944522857666, 23.274658203125, -7.092695713043213)","(-2.646944522857666, 23.274658203125, -7.092695713043213)",1.2496788501739502,piece_525
"(-0.6133541464805603, 14.612457275390625, 4.735747814178467)","(-0.6133541464805603, 14.612457275390625, 4.735747814178467)",1.45881986618042,piece_526
"(-0.12058661133050919, 26.32299041748047, -3.2810471057891846)","(-0.12058661133050919, 26.32299041748047, -3.2810471057891846)",1.7483325004577637,piece_527
"(-2.5625524520874023, 26.849609375, -2.106172800064087)","(-2.5625524520874023, 26.849609375, -2.106172800064087)",1.7053780555725098,piece_528
"(1.069152593612671, 23.27193832397461, -5.568557262420654)","(1.069152593612671, 23.27193832397461, -5.568557262420654)",0.8673402070999146,piece_529
"(1.900848150253296, 24.216381072998047, -6.357608795166016)","(1.900848150253296, 24.216381072998047, -6.357608795166016)",1.5143425464630127,piece_530
"(2.538795232772827, 10.498560905456543, 7.097110271453857)","(2.538795232772827, 10.498560905456543, 7.097110271453857)",1.6415992975234985,piece_531
"(2.98479962348938, 26.658790588378906, -2.0866432189941406)","(2.98479962348938, 26.658790588378906, -2.0866432189941406)",1.6096285581588745,piece_532
"(1.1066104173660278, 24.937816619873047, -3.1408655643463135)","(1.1066104173660278, 24.937816619873047, -3.1408655643463135)",1.05367910861969,piece_533
"(0.22584162652492523, 23.179279327392578, -4.9361724853515625)","(0.22584162652492523, 23.179279327392578, -4.9361724853515625)",0.6651173233985901,piece_534
"(0.2310871183872223, 21.29200553894043, 1.5518956184387207)","(0.2310871183872223, 21.29200553894043, 1.5518956184387207)",1.7517741918563843,piece_535
"(0.9593749642372131, 26.364818572998047, -2.2938525676727295)","(0.9593749642372131, 26.364818572998047, -2.2938525676727295)",1.5214459896087646,piece_536
"(1.698142647743225, 21.1033992767334, 0.6595001816749573)","(1.698142647743225, 21.1033992767334, 0.6595001816749573)",0.8525513410568237,piece_537
"(-2.049346446990967, 18.72806739807129, 2.219557523727417)","(-2.049346446990967, 18.72806739807129, 2.219557523727417)",1.136426329612732,piece_538
"(1.9706343412399292, 24.481168746948242, -1.0908198356628418)","(1.9706343412399292, 24.481168746948242, -1.0908198356628418)",0.8734567165374756,piece_539
"(2.6862740516662598, 17.954471588134766, 2.9893484115600586)","(2.6862740516662598, 17.954471588134766, 2.9893484115600586)",1.4662554264068604,piece_540
"(-0.7658993601799011, 25.261899948120117, -5.168402671813965)","(-0.7658993601799011, 25.261899948120117, -5.168402671813965)",1.7148998975753784,piece_541
"(-2.8427295684814453, 23.425615310668945, -6.472041130065918)","(-2.8427295684814453, 23.425615310668945, -6.472041130065918)",1.166395664215088,piece_542
"(-2.367985963821411, 23.856857299804688, -7.57634162902832)","(-2.367985963821411, 23.856857299804688, -7.57634162902832)",1.6478298902511597,piece_543
"(1.595112919807434, 22.719579696655273, -7.181292533874512)","(1.595112919807434, 22.719579696655273, -7.181292533874512)",1.007504940032959,piece_544
"(2.893517255783081, 26.787582397460938, -1.164402723312378)","(2.893517255783081, 26.787582397460938, -1.164402723312378)",1.9050077199935913,piece_545
"(-2.812567710876465, 15.931374549865723, 3.786257266998291)","(-2.812567710876465, 15.931374549865723, 3.786257266998291)",1.2256793975830078,piece_546
"(0.8453989624977112, 23.794776916503906, -0.4692739248275757)","(0.8453989624977112, 23.794776916503906, -0.4692739248275757)",1.110351324081421,piece_547
"(-1.7635674476623535, 25.114179611206055, -4.9726996421813965)","(-1.7635674476623535, 25.114179611206055, -4.9726996421813965)",1.5956294536590576,piece_548
"(-2.3597474098205566, 13.197595596313477, 4.677636623382568)","(-2.3597474098205566, 13.197595596313477, 4.677636623382568)",0.7323691844940186,piece_549
"(-1.2991752624511719, 22.25090789794922, 0.740563690662384)","(-1.2991752624511719, 22.25090789794922, 0.740563690662384)",1.4725093841552734,piece_550
"(-0.9712649583816528, 25.81700325012207, -1.3530129194259644)","(-0.9712649583816528, 25.81700325012207, -1.3530129194259644)",1.2717565298080444,piece_551
"(2.8466429710388184, 26.059261322021484, -4.367215633392334)","(2.8466429710388184, 26.059261322021484, -4.367215633392334)",1.8942941427230835,piece_552
"(-1.2362942695617676, 14.924360275268555, 4.422281265258789)","(-1.2362942695617676, 14.924360275268555, 4.422281265258789)",1.3230280876159668,piece_553
"(-1.443099021911621, 25.422080993652344, -5.772176265716553)","(-1.443099021911621, 25.422080993652344, -5.772176265716553)",1.9421230554580688,piece_554
"(-0.4644956588745117, 24.412036895751953, -7.203654766082764)","(-0.4644956588745117, 24.412036895751953, -7.203654766082764)",1.8190277814865112,piece_555
"(1.6962553262710571, 17.827953338623047, 2.5943543910980225)","(1.6962553262710571, 17.827953338623047, 2.5943543910980225)",1.0477447509765625,piece_556
